ID,song name,file_path
193,"1, 2, 3 (feat Jason Derulo & De La Ghetto) - Sofia Reyes",audio/1_2_3_feat_Jason_Derulo__De_La_Ghetto_-_Sofia_Reyes.m4a
192,"Aaluma Doluma - Anirudh Ravichander, Badshah",audio/Aaluma_Doluma_-_Anirudh_Ravichander_Badshah.m4a
191,"Ae Ajnabi - Udit Narayan, Mahalakshmi Iyer",audio/Ae_Ajnabi_-_Udit_Narayan_Mahalakshmi_Iyer.m4a
190,"Aeternum - John Lunn, Eivør",audio/Aeternum_-_John_Lunn_Eivør.m4a
189,"Agar Tum Saath Ho - Alka Yagnik, Arijit Singh",audio/Agar_Tum_Saath_Ho_-_Alka_Yagnik_Arijit_Singh.m4a
188,"Ale Ale - AR Rahman, Karthik, Chitra Sivaraman, Siddharth, Genelia D'Souza",audio/Ale_Ale_-_AR_Rahman_Karthik_Chitra_Sivaraman_Siddharth_Genelia_DSouza.m4a
187,"Annul Maelae - Harris Jayaraj, Sudha Ragunathan",audio/Annul_Maelae_-_Harris_Jayaraj_Sudha_Ragunathan.m4a
186,"Apna Bana Le - Arijit Singh, Sachin-Jigar",audio/Apna_Bana_Le_-_Arijit_Singh_Sachin-Jigar.m4a
185,Apocalypse - Cigarettes After Sex,audio/Apocalypse_-_Cigarettes_After_Sex.m4a
184,"Arabic Kuthu - Halamithi Habibo - Anirudh Ravichander, Jonita Gandhi",audio/Arabic_Kuthu_-_Halamithi_Habibo_-_Anirudh_Ravichander_Jonita_Gandhi.m4a
183,Armatopia - Johnny Marr,audio/Armatopia_-_Johnny_Marr.m4a
182,Battle Cry - Imagine Dragons,audio/Battle_Cry_-_Imagine_Dragons.m4a
181,Battle Symphony - Linkin Park,audio/Battle_Symphony_-_Linkin_Park.m4a
180,Believer - Imagine Dragons,audio/Believer_-_Imagine_Dragons.m4a
179,Black Water Lilies - Aurora,audio/Black_Water_Lilies_-_Aurora.m4a
178,Blank - Disfigure,audio/Blank_-_Disfigure.m4a
177,Blue Jeans (Remastered 2011) - Lana Del Rey,audio/Blue_Jeans_Remastered_2011_-_Lana_Del_Rey.m4a
176,Bones - Imagine Dragons,audio/Bones_-_Imagine_Dragons.m4a
175,Born To Die - Lana Del Rey,audio/Born_To_Die_-_Lana_Del_Rey.m4a
173,Can We Kiss Forever (Instrumental) - Kinà,audio/Can_We_Kiss_Forever_Instrumental_-_Kinà.m4a
174,Can We Kiss Forever - Kinà,audio/Can_We_Kiss_Forever_-_Kinà.m4a
172,"Chahun Main Ya Naa - Palak Muchhal, Arijit Singh",audio/Chahun_Main_Ya_Naa_-_Palak_Muchhal_Arijit_Singh.m4a
171,"Chaiyya Chaiyya - Sukhwinder Singh, Sapna Awasthi",audio/Chaiyya_Chaiyya_-_Sukhwinder_Singh_Sapna_Awasthi.m4a
170,"Chammak Challo - Vishal & Shekhar, Akon",audio/Chammak_Challo_-_Vishal__Shekhar_Akon.m4a
169,Chinna Chinna Asai - Minmini,audio/Chinna_Chinna_Asai_-_Minmini.m4a
168,Chittiyaan Kalaiyaan - Meet Bros,audio/Chittiyaan_Kalaiyaan_-_Meet_Bros.m4a
167,"Chop Shop - Tyler Bates, Joel J Richard",audio/Chop_Shop_-_Tyler_Bates_Joel_J_Richard.m4a
166,Cold - Neffex,audio/Cold_-_Neffex.m4a
163,Crystallize - Lindsey Stirling,audio/Crystallize_-_Lindsey_Stirling.m4a
162,"Darkside - Alan Walker, AuRa, Tomine Harket",audio/Darkside_-_Alan_Walker_AuRa_Tomine_Harket.m4a
161,Desi Kalakaar - Yo Yo Honey Singh,audio/Desi_Kalakaar_-_Yo_Yo_Honey_Singh.m4a
160,"Despacito - Luis Fonsi, Daddy Yankee",audio/Despacito_-_Luis_Fonsi_Daddy_Yankee.m4a
159,"Destiny Is All - John Lunn, Eivør",audio/Destiny_Is_All_-_John_Lunn_Eivør.m4a
158,"Diamond Heart - Sophia Somajo, Alan Walker",audio/Diamond_Heart_-_Sophia_Somajo_Alan_Walker.m4a
157,"Dil Se Re - AR Rahman, Anuradha, Anupama",audio/Dil_Se_Re_-_AR_Rahman_Anuradha_Anupama.m4a
156,"Dilliwaali Girlfriend - Pritam, Arijit Singh, Sunidhi Chauhan",audio/Dilliwaali_Girlfriend_-_Pritam_Arijit_Singh_Sunidhi_Chauhan.m4a
155,"Dippam Dappam - Anirudh Ravichander, Anthony Daasan",audio/Dippam_Dappam_-_Anirudh_Ravichander_Anthony_Daasan.m4a
154,Don't Let Me Go - Cigarettes After Sex,audio/Dont_Let_Me_Go_-_Cigarettes_After_Sex.m4a
153,Dura - Daddy Yankee,audio/Dura_-_Daddy_Yankee.m4a
152,Elangathu solo - Sriram Parthasarathy,audio/Elangathu_solo_-_Sriram_Parthasarathy.m4a
151,"En Sarwame - Nobin Paul, Ananya",audio/En_Sarwame_-_Nobin_Paul_Ananya.m4a
150,Ennavale Adi Ennavale - P Unnikrishnan,audio/Ennavale_Adi_Ennavale_-_P_Unnikrishnan.m4a
149,Etho Sayana - Sachin Warrier,audio/Etho_Sayana_-_Sachin_Warrier.m4a
148,Faded - Alan Walker,audio/Faded_-_Alan_Walker.m4a
146,Fuego Lento - Drake Bell,audio/Fuego_Lento_-_Drake_Bell.m4a
145,"Gaandakannazhagi - Anirudh Ravichander, Neeti Mohan",audio/Gaandakannazhagi_-_Anirudh_Ravichander_Neeti_Mohan.m4a
144,Galvanize (Edit) - The Chemical Brothers,audio/Galvanize_Edit_-_The_Chemical_Brothers.m4a
143,Gasolina - Daddy Yankee,audio/Gasolina_-_Daddy_Yankee.m4a
142,"Gerua - Pritam, Arijit Singh, Antara Mitra",audio/Gerua_-_Pritam_Arijit_Singh_Antara_Mitra.m4a
140,Goodbye - Apparat,audio/Goodbye_-_Apparat.m4a
139,Goodbye Brother - Ramin Djawadi,audio/Goodbye_Brother_-_Ramin_Djawadi.m4a
138,Guzarish - Javed Ali,audio/Guzarish_-_Javed_Ali.m4a
137,Half The World Away - Aurora,audio/Half_The_World_Away_-_Aurora.m4a
136,Hamari Adhuri Kahani - Arijit Singh,audio/Hamari_Adhuri_Kahani_-_Arijit_Singh.m4a
134,Harleys In Hawaii - Katy Perry,audio/Harleys_In_Hawaii_-_Katy_Perry.m4a
133,Heavenly - Cigarettes After Sex,audio/Heavenly_-_Cigarettes_After_Sex.m4a
132,"Helig - John Lunn, Eivør",audio/Helig_-_John_Lunn_Eivør.m4a
130,"Hosanna - Vijay Prakash, Suzanne D'Mello, AR Rahman, Blaaze",audio/Hosanna_-_Vijay_Prakash_Suzanne_DMello_AR_Rahman_Blaaze.m4a
129,"Hum Mar Jayenge - Tulsi Kumar, Arijit Singh",audio/Hum_Mar_Jayenge_-_Tulsi_Kumar_Arijit_Singh.m4a
128,"Hum Naa Rahein Hum - Mithoon, Benny Dayal",audio/Hum_Naa_Rahein_Hum_-_Mithoon_Benny_Dayal.m4a
127,"Humdard - Mithoon, Arijit Singh",audio/Humdard_-_Mithoon_Arijit_Singh.m4a
126,I Don't Do Personals - Ramin Djawadi,audio/I_Dont_Do_Personals_-_Ramin_Djawadi.m4a
125,"Ichu Ichu - Vijay Antony, Sangeetha Rajeshwaran",audio/Ichu_Ichu_-_Vijay_Antony_Sangeetha_Rajeshwaran.m4a
124,"Ignite - Alan Walker, Julie Bergan, K-391",audio/Ignite_-_Alan_Walker_Julie_Bergan_K-391.m4a
123,"In My Mind - M86, Susie Q",audio/In_My_Mind_-_M86_Susie_Q.m4a
122,"In The End (Mellen Gi Remix) - Tommee Profitt, Fleurie, Mellen Gi",audio/In_The_End_Mellen_Gi_Remix_-_Tommee_Profitt_Fleurie_Mellen_Gi.m4a
121,Industry - Mire Kay,audio/Industry_-_Mire_Kay.m4a
120,"Innum Konjam Naeram - Shweta Mohan, Vijay Prakash, AR Rahman",audio/Innum_Konjam_Naeram_-_Shweta_Mohan_Vijay_Prakash_AR_Rahman.m4a
119,Invisible - Julius Dreisig & Zeus X Crona,audio/Invisible_-_Julius_Dreisig__Zeus_X_Crona.m4a
118,"Jeevamshamayi - Duet - KS Harisankar, Shreya Ghoshal",audio/Jeevamshamayi_-_Duet_-_KS_Harisankar_Shreya_Ghoshal.m4a
117,"Jingunamani - Ranjith, Sunidhi Chauhan, D Imman",audio/Jingunamani_-_Ranjith_Sunidhi_Chauhan_D_Imman.m4a
116,"Jiya Jale - Lata Mangeshkar, MG Sreekumar",audio/Jiya_Jale_-_Lata_Mangeshkar_MG_Sreekumar.m4a
115,K - Cigarettes After Sex,audio/K_-_Cigarettes_After_Sex.m4a
114,"Kabhi Alvida Naa Kehna - Shankar-Ehsaan-Loy, Sonu Nigam, Alka Yagnik",audio/Kabhi_Alvida_Naa_Kehna_-_Shankar-Ehsaan-Loy_Sonu_Nigam_Alka_Yagnik.m4a
113,"Kal Ho Naa Ho - Shankar-Ehsaan-Loy, Sonu Nigam",audio/Kal_Ho_Naa_Ho_-_Shankar-Ehsaan-Loy_Sonu_Nigam.m4a
112,"Kalasala Kalasala - Thaman S, L R Eswari, T Rajendar, Solar Sai",audio/Kalasala_Kalasala_-_Thaman_S_L_R_Eswari_T_Rajendar_Solar_Sai.m4a
111,"Kesariya - Pritam, Arijit Singh, Amitabh Bhattacharya",audio/Kesariya_-_Pritam_Arijit_Singh_Amitabh_Bhattacharya.m4a
110,"Koi Tumsa Nahin - Sonu Nigam, Shreya Ghoshal",audio/Koi_Tumsa_Nahin_-_Sonu_Nigam_Shreya_Ghoshal.m4a
109,La Calin (CallmeArco Remix) - Serhat Durmus,audio/La_Calin_CallmeArco_Remix_-_Serhat_Durmus.m4a
108,Let Her Go - Passenger,audio/Let_Her_Go_-_Passenger.m4a
107,Love Me Like You Do - Ellie Goulding,audio/Love_Me_Like_You_Do_-_Ellie_Goulding.m4a
106,Lungi Dance - Yo Yo Honey Singh,audio/Lungi_Dance_-_Yo_Yo_Honey_Singh.m4a
105,"Lívstræðrir - John Lunn, Eivør",audio/Lívstræðrir_-_John_Lunn_Eivør.m4a
96,MAYDAY - TheFatRat,audio/MAYDAY_-_TheFatRat.m4a
104,Magenta Riddim - DJ Snake,audio/Magenta_Riddim_-_DJ_Snake.m4a
103,"Main Tera Boyfriend - Arijit Singh, Neha Kakkar",audio/Main_Tera_Boyfriend_-_Arijit_Singh_Neha_Kakkar.m4a
101,"Malai Mangum Neram (Female Unplugged) - Deepthi Balasubramanian, Aakash Srinivasan",audio/Malai_Mangum_Neram_Female_Unplugged_-_Deepthi_Balasubramanian_Aakash_Srinivasan.m4a
102,Malai Mangum Neram - Prakash Nikki,audio/Malai_Mangum_Neram_-_Prakash_Nikki.m4a
100,"Manasellam Mazhaiye - Sonu Nigam, Saindhavi, GV Prakash Kumar",audio/Manasellam_Mazhaiye_-_Sonu_Nigam_Saindhavi_GV_Prakash_Kumar.m4a
99,"Marana Mass - Anirudh Ravichander, S P Balasubrahmanyam",audio/Marana_Mass_-_Anirudh_Ravichander_S_P_Balasubrahmanyam.m4a
98,Masakali Lofi - Aelo,audio/Masakali_Lofi_-_Aelo.m4a
97,Mayaanadhi - Shahabaz Aman,audio/Mayaanadhi_-_Shahabaz_Aman.m4a
95,"Mehabooba - Ravi Basrur, Ananya Bhat",audio/Mehabooba_-_Ravi_Basrur_Ananya_Bhat.m4a
94,Memories - JFla,audio/Memories_-_JFla.m4a
93,"Mental Manadhil - AR Rahman, Jonita Gandhi",audio/Mental_Manadhil_-_AR_Rahman_Jonita_Gandhi.m4a
92,"Mere Haath Mein - Sunidhi Chauhan, Sonu Nigam, Jatin-Lalit, Prasoon Joshi",audio/Mere_Haath_Mein_-_Sunidhi_Chauhan_Sonu_Nigam_Jatin-Lalit_Prasoon_Joshi.m4a
91,"Meri Aashiqui - Palak Muchhal, Arijit Singh",audio/Meri_Aashiqui_-_Palak_Muchhal_Arijit_Singh.m4a
90,"Minunundae Mullapolae - Ashwin Renju, Karthik, Manu Manjith, Tovino Thomas, Balu Varghese, Santhy Balachandran, Neha Iyer",audio/Minunundae_Mullapolae_-_Ashwin_Renju_Karthik_Manu_Manjith_Tovino_Thomas_Balu_Varghese_Santhy_Balachandran_Neha_Iyer.m4a
89,Mizhiyil - Shahabaz Aman,audio/Mizhiyil_-_Shahabaz_Aman.m4a
88,"Mohabbat Barsa De - Arko, Arjun, Arijit Singh, Samira Koppikar",audio/Mohabbat_Barsa_De_-_Arko_Arjun_Arijit_Singh_Samira_Koppikar.m4a
87,"Mounam Chorum Neram - Rinu Razak, Shaan Rahman",audio/Mounam_Chorum_Neram_-_Rinu_Razak_Shaan_Rahman.m4a
86,"Mundhinam - Prashanthini, Harris Jayaraj, Naresh Iyer",audio/Mundhinam_-_Prashanthini_Harris_Jayaraj_Naresh_Iyer.m4a
85,"Muskurane (Romantic) - Jeet Gannguli, Arijit Singh",audio/Muskurane_Romantic_-_Jeet_Gannguli_Arijit_Singh.m4a
84,"My England - John Lunn, Eivør",audio/My_England_-_John_Lunn_Eivør.m4a
83,"Naatu Naatu - Rahul Sipligunj, Kaala Bhairava, M M Keeravani",audio/Naatu_Naatu_-_Rahul_Sipligunj_Kaala_Bhairava_M_M_Keeravani.m4a
82,Nainowale Ne - Neeti Mohan,audio/Nainowale_Ne_-_Neeti_Mohan.m4a
81,"Nanavare - Tessa Chavara, Vipin Lal, Lal",audio/Nanavare_-_Tessa_Chavara_Vipin_Lal_Lal.m4a
80,"Nee Himamazhayayi - Kailas Menon, K S Hari Shankar, Nithya Mammen",audio/Nee_Himamazhayayi_-_Kailas_Menon_K_S_Hari_Shankar_Nithya_Mammen.m4a
79,"Neeyen Vennila - Haricharan, Chinmayi Sripada",audio/Neeyen_Vennila_-_Haricharan_Chinmayi_Sripada.m4a
78,Nenjae Yezhu - AR Rahman,audio/Nenjae_Yezhu_-_AR_Rahman.m4a
77,"Nenjodu Cherthu - Sreejith - Saachin, Aalaap Raju",audio/Nenjodu_Cherthu_-_Sreejith_-_Saachin_Aalaap_Raju.m4a
76,Nervous - The Neighbourhood,audio/Nervous_-_The_Neighbourhood.m4a
75,No Time for Caution - Hans Zimmer,audio/No_Time_for_Caution_-_Hans_Zimmer.m4a
74,Nothing's Gonna Hurt You Baby - Cigarettes After Sex,audio/Nothings_Gonna_Hurt_You_Baby_-_Cigarettes_After_Sex.m4a
73,Ollulleru - Praseetha Chalakudy,audio/Ollulleru_-_Praseetha_Chalakudy.m4a
72,On My Mind - Ellie Goulding,audio/On_My_Mind_-_Ellie_Goulding.m4a
71,"On My Way - Alan Walker, Sabrina Carpenter, Farruko",audio/On_My_Way_-_Alan_Walker_Sabrina_Carpenter_Farruko.m4a
70,"One Two Three Four (Get On The Dance Floor) - Vishal & Shekhar, Vishal Dadlani, Hamsika Iyer, Sricharan Kasturirangan",audio/One_Two_Three_Four_Get_On_The_Dance_Floor_-_Vishal__Shekhar_Vishal_Dadlani_Hamsika_Iyer_Sricharan_Kasturirangan.m4a
68,Only Time - Enya,audio/Only_Time_-_Enya.m4a
69,Only Time - Róisín,audio/Only_Time_-_Róisín.m4a
67,Oru Dinam - Anand Bhaskar,audio/Oru_Dinam_-_Anand_Bhaskar.m4a
66,"Oru Vakkum (Version 1) - Alphons Jospeh, Mridula Warrier",audio/Oru_Vakkum_Version_1_-_Alphons_Jospeh_Mridula_Warrier.m4a
65,Oru Vakkum Mindathe - Vineeth Sreenivasan,audio/Oru_Vakkum_Mindathe_-_Vineeth_Sreenivasan.m4a
64,"Pakka Local - Geetha Madhuri, Sagar",audio/Pakka_Local_-_Geetha_Madhuri_Sagar.m4a
63,"Param Sundari - AR Rahman, Shreya Ghoshal",audio/Param_Sundari_-_AR_Rahman_Shreya_Ghoshal.m4a
62,"Phir Mohabbat - Mohammed Irfan, Arijit Singh, Saim Bhat",audio/Phir_Mohabbat_-_Mohammed_Irfan_Arijit_Singh_Saim_Bhat.m4a
61,"Pistah - Rajesh Murugesan, Shabareesh Varma",audio/Pistah_-_Rajesh_Murugesan_Shabareesh_Varma.m4a
60,"Poovukkul - AR Rahman, Sujatha Mohan, P Unnikrishnan",audio/Poovukkul_-_AR_Rahman_Sujatha_Mohan_P_Unnikrishnan.m4a
59,"Pudhu Vellai Mazhai - Unni Menon, Sujatha Mohan",audio/Pudhu_Vellai_Mazhai_-_Unni_Menon_Sujatha_Mohan.m4a
58,Pullikkuyile - Sujatha Mohan,audio/Pullikkuyile_-_Sujatha_Mohan.m4a
57,"Puthiyoru Lokam - Hesham Abdul Wahab, Vimal Roy, Bhadra Rajin",audio/Puthiyoru_Lokam_-_Hesham_Abdul_Wahab_Vimal_Roy_Bhadra_Rajin.m4a
56,"Puthumazhayai (Shreya Ghoshal) - Shreya Ghoshal, Gopi Sunder",audio/Puthumazhayai_Shreya_Ghoshal_-_Shreya_Ghoshal_Gopi_Sunder.m4a
55,"Pyaar Ki Ek Kahani - Sonu Nigam, Shreya Ghoshal",audio/Pyaar_Ki_Ek_Kahani_-_Sonu_Nigam_Shreya_Ghoshal.m4a
54,Radioactive - Imagine Dragons,audio/Radioactive_-_Imagine_Dragons.m4a
53,Ready Steady Go (Korean Style) - Paul Oakenfold,audio/Ready_Steady_Go_Korean_Style_-_Paul_Oakenfold.m4a
51,"Ringa Ringa - Devi Sri Prasad, Priya Hemesh",audio/Ringa_Ringa_-_Devi_Sri_Prasad_Priya_Hemesh.m4a
50,Roar - Katy Perry,audio/Roar_-_Katy_Perry.m4a
49,Runaway - Aurora,audio/Runaway_-_Aurora.m4a
48,"Runaway - Laura Brehm, Nikonn",audio/Runaway_-_Laura_Brehm_Nikonn.m4a
47,Running With The Wolves - Aurora,audio/Running_With_The_Wolves_-_Aurora.m4a
46,"Sadda Dil Vi Tu (Ga Ga Ga Ganpati) - Sachin-Jigar, Hard Kaur",audio/Sadda_Dil_Vi_Tu_Ga_Ga_Ga_Ganpati_-_Sachin-Jigar_Hard_Kaur.m4a
45,"Samjhawan - Jawad Ahmad, Toshi Sabri, Arijit Singh, Shreya Ghoshal",audio/Samjhawan_-_Jawad_Ahmad_Toshi_Sabri_Arijit_Singh_Shreya_Ghoshal.m4a
44,"Sanam Re - Arijit Singh, Mithoon",audio/Sanam_Re_-_Arijit_Singh_Mithoon.m4a
43,"Sapna Jahan - Ajay-Atul, Sonu Nigam, Neeti Mohan",audio/Sapna_Jahan_-_Ajay-Atul_Sonu_Nigam_Neeti_Mohan.m4a
42,"Sawan Aaya Hai - Tony Kakkar, Mithoon, Arijit Singh",audio/Sawan_Aaya_Hai_-_Tony_Kakkar_Mithoon_Arijit_Singh.m4a
41,Sceptic Heart - Black Red Gold,audio/Sceptic_Heart_-_Black_Red_Gold.m4a
40,"Senthoora - D Imman, Luksimi Sivaneswaralingam",audio/Senthoora_-_D_Imman_Luksimi_Sivaneswaralingam.m4a
39,"Sil Sil Sil Sillala - P Unnikrishnan, Sujatha Mohan",audio/Sil_Sil_Sil_Sillala_-_P_Unnikrishnan_Sujatha_Mohan.m4a
38,Sing Me to Sleep - Alan Walker,audio/Sing_Me_to_Sleep_-_Alan_Walker.m4a
37,Sky High - Elektronomia,audio/Sky_High_-_Elektronomia.m4a
36,Skyfall - Adele,audio/Skyfall_-_Adele.m4a
35,"Sonapareeya - Javed Ali, Nakash Aziz, AR Rahman, Haricharan",audio/Sonapareeya_-_Javed_Ali_Nakash_Aziz_AR_Rahman_Haricharan.m4a
34,Space Song (Beach House Cover) - Alles Club,audio/Space_Song_Beach_House_Cover_-_Alles_Club.m4a
33,Still DRE (Instrumental) - Dr Dre,audio/Still_DRE_Instrumental_-_Dr_Dre.m4a
32,"Subha Hone Na De - Mika Singh, Shefali Alvares",audio/Subha_Hone_Na_De_-_Mika_Singh_Shefali_Alvares.m4a
31,"Taal Se Taal - Alka Yagnik, Udit Narayan",audio/Taal_Se_Taal_-_Alka_Yagnik_Udit_Narayan.m4a
30,Take Me To Church - Hozier,audio/Take_Me_To_Church_-_Hozier.m4a
29,"Tere Bina - AR Rahman, Chinmayi Sripada, Murtuza Khan, Qadir Khan",audio/Tere_Bina_-_AR_Rahman_Chinmayi_Sripada_Murtuza_Khan_Qadir_Khan.m4a
28,"The Rains of Castamere - Ramin Djawadi, Serj Tankian",audio/The_Rains_of_Castamere_-_Ramin_Djawadi_Serj_Tankian.m4a
27,The Spectre - Alan Walker,audio/The_Spectre_-_Alan_Walker.m4a
26,These Are My Feelings - MrFIRA,audio/These_Are_My_Feelings_-_MrFIRA.m4a
25,Think - Kaleida,audio/Think_-_Kaleida.m4a
24,"Thumbi Penne - Gopi Sunder, Siddharth Menon",audio/Thumbi_Penne_-_Gopi_Sunder_Siddharth_Menon.m4a
23,Thunder - Imagine Dragons,audio/Thunder_-_Imagine_Dragons.m4a
22,Time - Hans Zimmer,audio/Time_-_Hans_Zimmer.m4a
21,"Titli - Vishal & Shekhar, Chinmayi Sripada, Gopi Sunder",audio/Titli_-_Vishal__Shekhar_Chinmayi_Sripada_Gopi_Sunder.m4a
20,Trust Each Other - Ramin Djawadi,audio/Trust_Each_Other_-_Ramin_Djawadi.m4a
19,Tum Hi Ho - Arijit Singh,audio/Tum_Hi_Ho_-_Arijit_Singh.m4a
18,"Tum Tum - Aishwarya Kumar, Darshana Menon, Reena Gilbert, Vidhya Gopal, Yashika Sikka, Thaman S",audio/Tum_Tum_-_Aishwarya_Kumar_Darshana_Menon_Reena_Gilbert_Vidhya_Gopal_Yashika_Sikka_Thaman_S.m4a
17,"Tum Tum - Satya Yamini, Tejaswini, Srivardhini, Aditi Bhavaraju, Roshini JKV, Thaman S",audio/Tum_Tum_-_Satya_Yamini_Tejaswini_Srivardhini_Aditi_Bhavaraju_Roshini_JKV_Thaman_S.m4a
16,"Tumhi Dekho Naa - Shankar-Ehsaan-Loy, Sonu Nigam, Alka Yagnik",audio/Tumhi_Dekho_Naa_-_Shankar-Ehsaan-Loy_Sonu_Nigam_Alka_Yagnik.m4a
15,"Unakkul Naane - Rohini, Harris Jayaraj, Pritt, Dilushselva",audio/Unakkul_Naane_-_Rohini_Harris_Jayaraj_Pritt_Dilushselva.m4a
14,"Unn Perai Sollum - GV Prakash Kumar, Naresh Iyer, Shreya Ghoshal, Haricharan",audio/Unn_Perai_Sollum_-_GV_Prakash_Kumar_Naresh_Iyer_Shreya_Ghoshal_Haricharan.m4a
13,Uska Hi Banana - Arijit Singh,audio/Uska_Hi_Banana_-_Arijit_Singh.m4a
12,"Usure Pogudhey - AR Rahman, Karthik",audio/Usure_Pogudhey_-_AR_Rahman_Karthik.m4a
11,"Uyiril Thodum - Sooraj Santhosh, Anne Amie",audio/Uyiril_Thodum_-_Sooraj_Santhosh_Anne_Amie.m4a
10,"Vaathi Coming - Anirudh Ravichander, Gana Balachandar",audio/Vaathi_Coming_-_Anirudh_Ravichander_Gana_Balachandar.m4a
9,Vertigo (Spitfya Remix) - Rob Gasser & Laura Brehm,audio/Vertigo_Spitfya_Remix_-_Rob_Gasser__Laura_Brehm.m4a
8,"Vibin' Out - FKJ, ((( O )))",audio/Vibin_Out_-_FKJ__O_.m4a
7,Warrior - Aurora,audio/Warrior_-_Aurora.m4a
6,Welcome to the Fire - Willyecho,audio/Welcome_to_the_Fire_-_Willyecho.m4a
5,"Yaarindha Devadhai, Pt 1 - Hariharan",audio/Yaarindha_Devadhai_Pt_1_-_Hariharan.m4a
4,"Yaarindha Devadhai, Pt 2 - Unnimenon",audio/Yaarindha_Devadhai_Pt_2_-_Unnimenon.m4a
2,"Zaroorat - Mithoon, Mustafa Zahid",audio/Zaroorat_-_Mithoon_Mustafa_Zahid.m4a
165,cotton candy - Iris,audio/cotton_candy_-_Iris.m4a
164,creature - Iris,audio/creature_-_Iris.m4a
147,from inside a car - Iris,audio/from_inside_a_car_-_Iris.m4a
141,giving in - Iris,audio/giving_in_-_Iris.m4a
135,hanging around youcrackers - Iris,audio/hanging_around_youcrackers_-_Iris.m4a
131,hidden springs - Iris,audio/hidden_springs_-_Iris.m4a
52,repose - Iris,audio/repose_-_Iris.m4a
3,"your mind, the universe - Iris",audio/your_mind_the_universe_-_Iris.m4a
1,İzmir Marşı - Coldrex,audio/İzmir_Marşı_-_Coldrex.m4a
